{
  "train_losses": [
    1.5204349279403686,
    0.9504194676876068,
    0.7753077030181885,
    0.7926467299461365,
    0.7623339653015136,
    0.7781763434410095,
    0.763571834564209,
    0.7427359104156495,
    0.7290718674659729,
    0.7385733425617218,
    0.7366831600666046,
    0.714629203081131,
    0.7029016673564911,
    0.7002534866333008,
    0.7146070063114166,
    0.6972223818302155,
    0.6938308000564575,
    0.6971063613891602,
    0.7107034683227539,
    0.6948556721210479,
    0.6933368742465973,
    0.70436891913414,
    0.7039184629917145,
    0.6979510068893433,
    0.688457065820694,
    0.6968029499053955,
    0.6984269976615906,
    0.6838241279125213,
    0.6920281648635864,
    0.7048442721366882,
    0.6876583218574523,
    0.7014099359512329,
    0.6889745473861695,
    0.7188583076000213,
    0.6944463849067688,
    0.6817324936389924,
    0.6974578499794006,
    0.6915181457996369,
    0.7005771398544312,
    0.689662903547287,
    0.6958137154579163,
    0.698024320602417,
    0.6972844719886779,
    0.7030754864215851,
    0.6986572086811066,
    0.6907965183258057,
    0.6935726404190063,
    0.6943318128585816,
    0.6991615116596221,
    0.6957900524139404,
    0.6924041926860809,
    0.6885049760341644,
    0.685573810338974,
    0.6915069937705993,
    0.708610987663269,
    0.6920928299427033,
    0.6823397099971771,
    0.7037688553333282,
    0.7041702985763549,
    0.7035628139972687,
    0.6856191098690033,
    0.6972290873527527,
    0.6883560121059418,
    0.6953731656074524,
    0.6922186017036438,
    0.696814340353012,
    0.6915265440940856,
    0.6834007740020752,
    0.6820907354354858,
    0.6885358273983002,
    0.697170102596283,
    0.6775008261203765,
    0.6985553503036499,
    0.6876875758171082,
    0.6831480205059052,
    0.6862001061439514,
    0.6911898910999298,
    0.6945606112480164,
    0.6932792365550995,
    0.6854176342487335,
    0.686525148153305,
    0.691611522436142,
    0.6951352596282959,
    0.6909674167633056,
    0.6778377532958985,
    0.6925018608570099,
    0.7031270921230316,
    0.6826815783977509,
    0.6869123697280883,
    0.6899787366390229,
    0.6822817623615265,
    0.7091764748096466,
    0.697926115989685,
    0.6930392622947693,
    0.6857590913772583,
    0.7045324563980102,
    0.6876561284065247,
    0.6787472069263458,
    0.6874001681804657,
    0.6921850502490997
  ],
  "train_accuracies": [
    0.4375,
    0.5125,
    0.56875,
    0.4875,
    0.5875,
    0.51875,
    0.44375,
    0.49375,
    0.4875,
    0.4375,
    0.51875,
    0.53125,
    0.5125,
    0.475,
    0.525,
    0.51875,
    0.51875,
    0.55625,
    0.4875,
    0.53125,
    0.61875,
    0.55625,
    0.49375,
    0.49375,
    0.5375,
    0.5625,
    0.4375,
    0.5625,
    0.55,
    0.4625,
    0.53125,
    0.49375,
    0.55,
    0.5375,
    0.54375,
    0.56875,
    0.5375,
    0.575,
    0.5125,
    0.54375,
    0.53125,
    0.55,
    0.5,
    0.5,
    0.48125,
    0.53125,
    0.51875,
    0.55,
    0.5125,
    0.5125,
    0.4875,
    0.55,
    0.53125,
    0.525,
    0.50625,
    0.54375,
    0.55,
    0.5125,
    0.48125,
    0.525,
    0.55,
    0.475,
    0.575,
    0.55,
    0.54375,
    0.55625,
    0.54375,
    0.575,
    0.5875,
    0.54375,
    0.51875,
    0.55625,
    0.55625,
    0.55,
    0.575,
    0.56875,
    0.50625,
    0.58125,
    0.525,
    0.55,
    0.59375,
    0.55,
    0.5625,
    0.55625,
    0.575,
    0.55625,
    0.5,
    0.5625,
    0.55,
    0.56875,
    0.55625,
    0.4875,
    0.51875,
    0.51875,
    0.5375,
    0.5375,
    0.5375,
    0.61875,
    0.55,
    0.5
  ],
  "val_losses": [
    0.5899544159571329,
    0.5600200891494751,
    1.0170981685320537,
    0.5985949039459229,
    0.8505293528238932,
    0.6523741881052653,
    0.6663392186164856,
    0.6823111772537231,
    0.7000434398651123,
    0.6488551497459412,
    0.6551222006479899,
    0.6628832618395487,
    0.7466356952985128,
    0.6372480392456055,
    0.6372578541437784,
    0.702924648920695,
    0.628641684850057,
    0.680566668510437,
    0.6513155102729797,
    0.6492910583813986,
    0.6899258295694987,
    0.6317225495974222,
    0.6727160414059957,
    0.7117483019828796,
    0.649010976155599,
    0.6533075173695883,
    0.6651728550593058,
    0.6133132378260294,
    0.6648702422777811,
    0.6322662432988485,
    0.6791496674219767,
    0.6693076888720194,
    0.637475848197937,
    0.68045045932134,
    0.6604015231132507,
    0.6523975332578024,
    0.6725112994511923,
    0.6748702724774679,
    0.6727684338887533,
    0.671486477057139,
    0.66997758547465,
    0.6606728633244833,
    0.6538311044375101,
    0.6595796147982279,
    0.6700297395388285,
    0.6802024841308594,
    0.6464267571767172,
    0.6453600525856018,
    0.6537618438402811,
    0.7076505025227865,
    0.6686608592669169,
    0.7138213515281677,
    0.6489737232526144,
    0.6704813440640768,
    0.6413282553354899,
    0.6990093191464742,
    0.6475949883460999,
    0.695423940817515,
    0.6901053190231323,
    0.6326363285382589,
    0.6633712848027548,
    0.7084985375404358,
    0.6400743921597799,
    0.6470318635304769,
    0.6280233462651571,
    0.6733566522598267,
    0.6590432325998942,
    0.658234973748525,
    0.6520542899767557,
    0.6756737232208252,
    0.6613781054814657,
    0.6696884433428446,
    0.6480573217074076,
    0.7005388538042704,
    0.6479970614115397,
    0.6566646893819174,
    0.6833346088727316,
    0.6507922212282816,
    0.7020684679349264,
    0.6665689547856649,
    0.6473097602526346,
    0.6784213582674662,
    0.6487523317337036,
    0.6471207936604818,
    0.6377465128898621,
    0.7092466354370117,
    0.6457340717315674,
    0.6416597167650858,
    0.6634398500124613,
    0.6544896364212036,
    0.6862757205963135,
    0.6338820656140646,
    0.6644192337989807,
    0.6738291382789612,
    0.6686638991038004,
    0.6522546211878458,
    0.6781035661697388,
    0.6640230417251587,
    0.658433218797048,
    0.6432043711344401
  ],
  "val_accuracies": [
    0.725,
    0.725,
    0.275,
    0.725,
    0.275,
    0.675,
    0.65,
    0.65,
    0.375,
    0.725,
    0.725,
    0.725,
    0.275,
    0.725,
    0.725,
    0.375,
    0.725,
    0.65,
    0.675,
    0.7,
    0.575,
    0.725,
    0.725,
    0.275,
    0.725,
    0.725,
    0.725,
    0.725,
    0.7,
    0.725,
    0.675,
    0.675,
    0.725,
    0.65,
    0.725,
    0.725,
    0.675,
    0.675,
    0.65,
    0.675,
    0.675,
    0.7,
    0.7,
    0.65,
    0.65,
    0.625,
    0.7,
    0.7,
    0.675,
    0.35,
    0.625,
    0.35,
    0.65,
    0.625,
    0.675,
    0.45,
    0.675,
    0.475,
    0.6,
    0.725,
    0.675,
    0.375,
    0.725,
    0.7,
    0.725,
    0.65,
    0.675,
    0.675,
    0.675,
    0.625,
    0.675,
    0.65,
    0.65,
    0.6,
    0.7,
    0.675,
    0.625,
    0.65,
    0.625,
    0.675,
    0.675,
    0.625,
    0.675,
    0.725,
    0.7,
    0.55,
    0.675,
    0.675,
    0.675,
    0.65,
    0.6,
    0.725,
    0.675,
    0.675,
    0.675,
    0.725,
    0.65,
    0.65,
    0.65,
    0.675
  ],
  "best_val_accuracy": 0.725
}